assignment,assignments
author,authors
behavior,behaviors
case,cases
class,classes
class,classroom
decision,decisions
entrepreneurship,entrepreneurial
entrepreneurship,entrepreneurs
ethics,ethical
excel,spreadsheet
group,groups
material,materials
method,methods
modeling,models
organizational,organizations
problem,problems
school,schools
student,students
team,teams
topic,topics
teacher,educator
educator,educators
program,programs
school,university
economic,economics
market,markets
course,courses
leadership,leaders
modeling,model
accounting,accountants
strategic,strategy
financial,finance
professional,profession
spiritual,spirituality
lease,ñleases
tool,tools
system,systems
project,projects
exam,exams
