"","14"
"management",1252
"entrepreneurship",1030
"education",944
"social",833
"theory",408
"practice",312
"literature",300
"teaching",297
"economic",245
"field",218
"knowledge",211
"organizational",159
"role",156
"evidence",154
"teach",150
"future",146
"topic",144
"theories",140
"framework",133
"work",133
"context",129
"textbooks",129
"issue",126
"questions",123
"innovation",123
"discipline",121
"ideas",120
"modeling",114
"principles",114
"perspective",113
"practical",112
"arts",110
"businessschool",109
"liberal",109
"crisis",109
"behavior",109
"general",108
"question",107
"concept",106
"critical",105
"history",101
"theoretical",100
"debate",98
"understanding",98
"science",97
"area",95
"conceptual",92
"human",92
"concepts",88
"content",88
"lessons",88
"examples",84
"nature",83
"change",82
"historical",82
"academic",79
"response",78
"empirical",74
"events",73
"pedagogy",72
"pedagogical",72
"body",68
"scholars",67
"subject",65
"features",62
"definition",62
"applied",61
"behavioral",61
"foundation",60
"paradigm",60
"contribution",59
"dialogue",58
"essay",58
"disciplines",57
"practices",56
"society",55
"managerial",55
"art",55
"scientific",55
"readers",52
"story",52
"fields",51
"practitioners",50
"sciences",50
"works",48
"interest",47
"policy",47
"businesseducation",46
"innovative",46
"century",45
"decades",44
"assumptions",44
"definitions",44
"micro",43
"draw",42
"relationships",42
"evolution",42
"thought",41
"metaphor",41
"managers",41
