accounting,accountants
activity,activities
assignment,assignments
author,authors
behavior,behaviors
behaviour,behavior
case,cases
class,classes
class,classroom
course,courses
decision,decisions
economic,economics
educator,educators
entrepreneurship,entrepreneurial
entrepreneurship,entrepreneurs
ethics,ethical
evaluation,evaluations
exam,exams
excel,spreadsheet
financial,finance
group,groups
leadership,leaders
lease,–leases
market,markets
material,materials
method,methods
modeling,models
modeling,model
organizational,organizations
problem,problems
professional,profession
program,programs
program,programme
project,projects
school,schools
school,university
spiritual,spirituality
strategic,strategy
student,students
system,systems
teacher,educator
team,teams
tool,tools
topic,topics